metric,value
Accuracy,0.5533333333333333
Precision,0.5967741935483871
Recall,0.8131868131868132
ROC AUC,0.46293536971503074
Pseudo R²,0.9566257324928568
