metric,value
Accuracy,0.626508
Precision,0.6429040081260905
Recall,0.8692469444079379
ROC AUC,0.6427556888144195
Pseudo R²,0.961810999516448
